,branch_inst_executed (nan),dram__bytes.sum (Mb),dram__bytes_read.sum.per_second (Gb/sec),gpu__time_duration.sum (millisec),l1tex__t_bytes_pipe_lsu_mem_global_op_ld.sum.per_second (Gb/sec),launch__block_dim_x (block),launch__block_size (nan),launch__grid_dim_x (nan),launch__grid_size (nan),sm__warps_active.avg.pct_of_peak_sustained_active (%),sm__warps_launched.sum (warp),smsp__average_inst_executed_per_warp.ratio (inst/warp),smsp__branch_targets_threads_divergent (nan),smsp__branch_targets_threads_uniform (nan),smsp__inst_executed.sum (inst),smsp__sass_average_branch_targets_threads_uniform.pct (%),smsp__sass_inst_executed_op_ld.sum (inst)
"(0, 'reduceNeighbored(int *, int *, unsigned int)')",32505856.0,99.2730712890625,76.819333286779,0.8136639999999999,613.3040634709131,512.0,512.0,32768.0,32768.0,96.19,524288.0,825.06,3145728.0,29360128.0,432570368.0,90.32,6258688.0
"(1, 'reduceNeighboredLess(int *, int *, unsigned int)')",27590656.0,97.2901611328125,107.53881854531355,0.581344,858.3961260458548,512.0,512.0,32768.0,32768.0,94.85,524288.0,337.5,196608.0,27394048.0,176947200.0,99.29,1343488.0
"(2, 'reduceInterleaved(int *, int *, unsigned int)')",27590656.0,75.77734375,130.84799282035792,0.53728,241.74138717242516,512.0,512.0,32768.0,32768.0,94.51,524288.0,317.0,196608.0,27394048.0,166199296.0,99.29,1343488.0
"(3, 'reduceUnroll2(int *, int *, unsigned int)')",14057472.0,73.7042236328125,209.990312939845,0.297664,428.138458967153,512.0,512.0,16384.0,16384.0,93.1,262144.0,358.12,98304.0,13959168.0,93880320.0,99.3,1196032.0
"(4, 'reduceUnroll4(int *, int *, unsigned int)')",7028736.0,71.282470703125,351.95334537609483,0.17759999999999998,534.744950028155,512.0,512.0,8192.0,8192.0,93.55,131072.0,409.12,49152.0,6979584.0,53624832.0,99.3,860160.0
"(5, 'reduceUnroll8(int *, int *, unsigned int)')",3514368.0,71.8740234375,488.3473739027977,0.128,615.1199340820312,512.0,512.0,4096.0,4096.0,94.52,65536.0,490.12,24576.0,3489792.0,32120832.0,99.3,692224.0
